{"coverage": 88.58501783590962, "raw_data": {"meta": {"format": 2, "version": "7.5.1", "timestamp": "2024-05-20T21:11:32.598621", "branch_coverage": false, "show_contexts": false}, "files": {"src/senzing/__init__.py": {"executed_lines": [1, 24, 34, 35, 36, 37, 38, 40], "summary": {"covered_lines": 8, "num_statements": 8, "percent_covered": 100.0, "percent_covered_display": "100", "missing_lines": 0, "excluded_lines": 0}, "missing_lines": [], "excluded_lines": []}, "src/senzing/szconfig.py": {"executed_lines": [1, 20, 21, 32, 33, 35, 48, 52, 53, 54, 55, 57, 64, 65, 67, 73, 74, 76, 82, 83, 86, 87, 90, 91, 94, 95, 98, 99, 107, 108, 161, 177, 179, 180, 181, 185, 189, 190, 194, 202, 206, 209, 210, 211, 212, 213, 217, 218, 219, 220, 221, 222, 223, 226, 227, 228, 229, 230, 234, 235, 236, 237, 238, 239, 241, 243, 244, 246, 252, 254, 260, 266, 272, 284, 285, 291, 292, 297, 298, 300, 302, 303, 304, 305, 308, 309, 310, 312, 314, 315, 321, 322, 325, 328, 329, 330, 333, 334, 335, 336, 337, 339, 341, 342, 343, 346, 347, 349, 351, 352, 359, 364, 367, 368, 369, 372, 373, 374], "summary": {"covered_lines": 108, "num_statements": 119, "percent_covered": 90.75630252100841, "percent_covered_display": "91", "missing_lines": 11, "excluded_lines": 0}, "missing_lines": [192, 195, 197, 299, 306, 311, 326, 331, 338, 348, 365], "excluded_lines": []}, "src/senzing/szconfigmanager.py": {"executed_lines": [1, 20, 21, 22, 23, 25, 37, 41, 42, 43, 44, 46, 53, 54, 56, 62, 63, 65, 71, 72, 75, 76, 79, 80, 83, 84, 92, 93, 148, 164, 166, 168, 169, 173, 177, 178, 181, 189, 190, 193, 194, 195, 196, 199, 200, 203, 206, 207, 208, 212, 213, 214, 215, 219, 220, 221, 222, 223, 224, 226, 228, 229, 230, 234, 240, 242, 248, 254, 260, 272, 273, 279, 284, 286, 288, 289, 290, 293, 294, 296, 297, 298, 299, 301, 302, 304, 305, 307, 309, 310, 311, 313, 315, 316, 323, 328, 331, 337, 340, 341, 343, 344, 345, 346], "summary": {"covered_lines": 95, "num_statements": 105, "percent_covered": 90.47619047619048, "percent_covered_display": "90", "missing_lines": 10, "excluded_lines": 0}, "missing_lines": [179, 182, 184, 231, 232, 285, 291, 306, 312, 329], "excluded_lines": []}, "src/senzing/szdiagnostic.py": {"executed_lines": [1, 19, 20, 21, 22, 24, 36, 40, 41, 42, 43, 45, 52, 53, 55, 61, 62, 65, 66, 69, 70, 78, 79, 132, 149, 151, 152, 153, 154, 158, 162, 163, 167, 175, 178, 181, 182, 183, 184, 187, 188, 191, 192, 193, 199, 200, 201, 202, 206, 207, 208, 209, 210, 211, 218, 220, 221, 222, 223, 224, 226, 234, 246, 252, 264, 265, 268, 269, 271, 273, 274, 275, 276, 278, 279, 280, 281, 283, 286, 293, 294, 302, 303, 308, 310, 320, 325, 326, 327, 328], "summary": {"covered_lines": 84, "num_statements": 102, "percent_covered": 82.3529411764706, "percent_covered_display": "82", "missing_lines": 18, "excluded_lines": 0}, "missing_lines": [165, 168, 170, 232, 270, 282, 287, 288, 289, 290, 291, 309, 311, 317, 318, 321, 322, 323], "excluded_lines": []}, "src/senzing/szengine.py": {"executed_lines": [1, 20, 22, 23, 34, 35, 37, 51, 55, 56, 57, 58, 60, 81, 82, 84, 90, 91, 93, 99, 100, 103, 104, 107, 108, 110, 116, 117, 119, 125, 126, 129, 130, 133, 134, 137, 138, 141, 142, 145, 146, 149, 150, 153, 154, 157, 158, 161, 162, 165, 166, 170, 171, 174, 175, 178, 179, 182, 183, 186, 187, 190, 191, 194, 195, 198, 199, 202, 203, 206, 207, 210, 211, 214, 215, 218, 219, 222, 223, 226, 227, 237, 238, 289, 306, 308, 309, 310, 311, 312, 316, 320, 321, 324, 333, 338, 339, 345, 348, 351, 352, 353, 354, 358, 359, 364, 367, 368, 369, 373, 376, 377, 380, 383, 384, 388, 391, 396, 399, 406, 409, 416, 419, 425, 428, 436, 439, 446, 449, 458, 461, 469, 472, 482, 485, 486, 489, 493, 496, 501, 504, 509, 510, 511, 512, 516, 519, 523, 526, 527, 528, 534, 537, 538, 541, 544, 545, 546, 550, 553, 558, 559, 564, 567, 568, 569, 574, 577, 578, 579, 584, 585, 590, 593, 600, 601, 604, 605, 606, 609, 610, 611, 618, 620, 621, 622, 623, 624, 626, 632, 634, 640, 647, 653, 667, 668, 676, 677, 678, 687, 688, 689, 690, 692, 699, 700, 701, 703, 704, 705, 706, 709, 710, 711, 713, 715, 716, 723, 724, 725, 731, 732, 733, 734, 736, 740, 741, 742, 744, 745, 746, 747, 749, 750, 757, 760, 762, 764, 769, 770, 772, 774, 775, 776, 777, 779, 782, 785, 789, 790, 791, 792, 795, 802, 806, 807, 808, 809, 812, 813, 825, 836, 837, 838, 839, 841, 842, 854, 864, 865, 866, 867, 869, 870, 883, 898, 915, 921, 922, 923, 924, 926, 927, 955, 972, 991, 1000, 1001, 1002, 1003, 1005, 1006, 1007, 1009, 1011, 1017, 1019, 1020, 1022, 1024, 1025, 1032, 1036, 1037, 1038, 1039, 1041, 1042, 1049, 1055, 1056, 1057, 1058, 1060, 1061, 1062, 1063, 1065, 1067, 1068, 1070, 1071, 1073, 1075, 1076, 1082, 1088, 1089, 1090, 1091, 1093, 1099, 1101, 1102, 1103, 1104, 1106, 1107, 1115, 1116, 1121, 1123, 1125, 1131, 1134, 1135, 1136, 1139, 1140, 1143, 1152, 1155, 1157, 1161, 1162, 1163, 1164, 1169, 1170, 1172, 1174, 1175, 1177, 1182, 1183, 1190, 1191, 1192, 1198, 1199, 1200, 1201, 1203, 1206, 1207, 1208, 1210, 1211, 1212, 1215, 1216, 1223, 1231, 1232, 1233, 1234, 1236, 1237, 1244, 1250, 1251, 1252, 1253, 1255, 1256, 1265, 1273, 1274, 1275, 1276, 1278, 1279], "summary": {"covered_lines": 367, "num_statements": 417, "percent_covered": 88.00959232613909, "percent_covered_display": "88", "missing_lines": 50, "excluded_lines": 0}, "missing_lines": [322, 325, 328, 707, 712, 761, 771, 778, 884, 893, 894, 895, 896, 899, 910, 911, 912, 913, 956, 967, 968, 969, 970, 973, 986, 987, 988, 989, 1008, 1021, 1064, 1072, 1122, 1132, 1137, 1144, 1145, 1148, 1149, 1150, 1151, 1156, 1171, 1176, 1213, 1286, 1292, 1293, 1294, 1295], "excluded_lines": []}, "src/senzing/szproduct.py": {"executed_lines": [1, 20, 21, 22, 23, 25, 38, 39, 40, 41, 43, 50, 51, 104, 120, 122, 123, 124, 128, 129, 132, 140, 141, 142, 143, 144, 145, 146, 147, 148, 152, 153, 154, 155, 156, 157, 159, 161, 162, 163, 167, 173, 175, 181, 187, 193, 205, 206, 207, 210, 211, 218, 223, 226, 227, 229, 230], "summary": {"covered_lines": 54, "num_statements": 61, "percent_covered": 88.52459016393442, "percent_covered_display": "89", "missing_lines": 7, "excluded_lines": 0}, "missing_lines": [130, 133, 135, 164, 165, 208, 224], "excluded_lines": []}, "src/senzing/szversion.py": {"executed_lines": [2, 6, 7, 8, 10, 12, 14, 15, 18, 24, 25, 28, 45, 46, 51, 54, 73, 74, 75, 77, 78, 86, 87, 90, 104, 105, 106, 108, 112], "summary": {"covered_lines": 29, "num_statements": 29, "percent_covered": 100.0, "percent_covered_display": "100", "missing_lines": 0, "excluded_lines": 0}, "missing_lines": [], "excluded_lines": []}}, "totals": {"covered_lines": 745, "num_statements": 841, "percent_covered": 88.58501783590962, "percent_covered_display": "89", "missing_lines": 96, "excluded_lines": 0}}, "coverage_path": "."}