{"coverage": 92.375, "raw_data": {"meta": {"format": 2, "version": "7.5.3", "timestamp": "2024-06-10T14:48:24.183338", "branch_coverage": false, "show_contexts": false}, "files": {"src/senzing/__init__.py": {"executed_lines": [1, 26, 27, 28, 29, 30, 32], "summary": {"covered_lines": 7, "num_statements": 7, "percent_covered": 100.0, "percent_covered_display": "100", "missing_lines": 0, "excluded_lines": 0}, "missing_lines": [], "excluded_lines": []}, "src/senzing/szconfig.py": {"executed_lines": [1, 20, 30, 31, 33, 35, 46, 50, 51, 52, 53, 62, 63, 65, 71, 72, 74, 80, 81, 84, 85, 88, 89, 92, 93, 96, 97, 105, 106, 159, 173, 174, 175, 178, 181, 184, 194, 198, 201, 202, 203, 204, 205, 209, 210, 211, 212, 213, 214, 215, 218, 219, 220, 221, 222, 224, 225, 228, 230, 235, 236, 244, 245, 251, 256, 257, 258, 260, 261, 262, 263, 265, 266, 267, 268, 270, 271, 277, 281, 284, 285, 287, 288, 289, 290, 291, 292, 294, 295, 296, 299, 300, 301, 304, 305, 312, 317, 319, 320, 321, 324, 325], "summary": {"covered_lines": 93, "num_statements": 95, "percent_covered": 97.89473684210526, "percent_covered_display": "98", "missing_lines": 2, "excluded_lines": 0}, "missing_lines": [237, 238], "excluded_lines": []}, "src/senzing/szconfigmanager.py": {"executed_lines": [1, 19, 20, 21, 23, 25, 34, 38, 39, 40, 41, 50, 51, 53, 59, 60, 62, 68, 69, 72, 73, 76, 77, 80, 81, 89, 90, 145, 159, 160, 161, 164, 167, 170, 180, 181, 184, 185, 186, 187, 190, 191, 194, 197, 198, 199, 203, 204, 205, 206, 208, 209, 212, 214, 219, 220, 228, 229, 235, 239, 241, 244, 245, 247, 248, 249, 250, 251, 253, 254, 255, 256, 257, 259, 260, 261, 262, 265, 266, 273, 278, 280, 286, 289, 291, 292, 293], "summary": {"covered_lines": 79, "num_statements": 81, "percent_covered": 97.53086419753086, "percent_covered_display": "98", "missing_lines": 2, "excluded_lines": 0}, "missing_lines": [221, 222], "excluded_lines": []}, "src/senzing/szdiagnostic.py": {"executed_lines": [1, 19, 20, 21, 23, 25, 34, 38, 39, 40, 41, 50, 51, 53, 59, 60, 63, 64, 67, 68, 76, 77, 131, 146, 147, 148, 149, 152, 155, 158, 168, 171, 174, 175, 176, 177, 180, 181, 184, 185, 186, 192, 193, 194, 195, 197, 198, 201, 208, 213, 214, 222, 223, 226, 227, 228, 231, 232, 234, 235, 236, 237, 238, 241, 248, 249, 257, 258, 263, 264, 274, 278, 279, 280], "summary": {"covered_lines": 68, "num_statements": 78, "percent_covered": 87.17948717948718, "percent_covered_display": "87", "missing_lines": 10, "excluded_lines": 0}, "missing_lines": [215, 216, 242, 243, 244, 245, 266, 272, 275, 276], "excluded_lines": []}, "src/senzing/szengine.py": {"executed_lines": [1, 20, 22, 32, 33, 35, 37, 51, 55, 56, 57, 58, 68, 69, 71, 77, 78, 80, 86, 87, 90, 91, 94, 95, 97, 103, 104, 106, 112, 113, 116, 117, 120, 121, 124, 125, 128, 129, 132, 133, 136, 137, 140, 141, 144, 145, 148, 149, 152, 153, 157, 158, 161, 162, 165, 166, 169, 170, 173, 174, 177, 178, 181, 182, 185, 186, 189, 190, 193, 194, 197, 198, 201, 202, 205, 206, 209, 210, 213, 214, 223, 224, 275, 290, 291, 292, 293, 296, 301, 304, 307, 310, 320, 325, 326, 332, 335, 338, 339, 340, 341, 345, 346, 351, 354, 355, 356, 360, 363, 364, 367, 370, 371, 375, 378, 383, 386, 393, 396, 403, 406, 412, 415, 423, 426, 433, 436, 445, 448, 456, 459, 469, 472, 473, 476, 480, 483, 488, 491, 496, 497, 498, 499, 503, 506, 510, 513, 514, 515, 521, 524, 525, 528, 531, 532, 533, 537, 540, 545, 546, 551, 554, 555, 556, 561, 564, 565, 566, 571, 572, 577, 580, 587, 588, 590, 591, 594, 601, 606, 607, 615, 616, 624, 625, 626, 634, 635, 636, 638, 644, 645, 647, 648, 649, 650, 652, 653, 654, 656, 658, 659, 666, 667, 668, 673, 674, 675, 677, 681, 682, 685, 686, 688, 689, 695, 698, 699, 701, 706, 707, 708, 710, 711, 712, 713, 714, 715, 718, 721, 724, 725, 726, 729, 736, 739, 740, 741, 744, 745, 754, 761, 762, 763, 765, 766, 775, 782, 783, 784, 787, 788, 799, 807, 817, 823, 824, 825, 828, 829, 841, 851, 864, 872, 873, 874, 876, 877, 878, 879, 881, 887, 888, 889, 890, 892, 893, 900, 903, 904, 905, 907, 908, 915, 920, 921, 922, 924, 925, 926, 927, 928, 930, 931, 932, 933, 934, 936, 937, 944, 948, 949, 950, 952, 958, 959, 960, 961, 965, 966, 974, 975, 980, 981, 991, 992, 993, 995, 996, 999, 1008, 1011, 1012, 1016, 1017, 1018, 1019, 1023, 1024, 1025, 1027, 1028, 1029, 1034, 1035, 1042, 1043, 1044, 1049, 1050, 1051, 1053, 1056, 1057, 1059, 1060, 1061, 1064, 1065, 1072, 1077, 1078, 1079, 1081, 1082, 1089, 1094, 1095, 1096, 1098, 1099, 1108, 1115, 1116, 1117, 1119, 1120], "summary": {"covered_lines": 332, "num_statements": 351, "percent_covered": 94.58689458689459, "percent_covered_display": "95", "missing_lines": 19, "excluded_lines": 0}, "missing_lines": [608, 609, 655, 800, 808, 842, 852, 853, 983, 989, 1000, 1001, 1004, 1005, 1006, 1127, 1132, 1133, 1134], "excluded_lines": []}, "src/senzing/szhelpers.py": {"executed_lines": [1, 9, 11, 12, 13, 14, 15, 26, 27, 28, 29, 31, 33, 34, 36, 38, 39, 40, 42, 43, 44, 45, 52, 53, 55, 56, 57, 59, 60, 62, 68, 78, 82, 84, 85, 86, 87, 91, 92, 93, 97, 99, 100, 102, 103, 104, 105, 106, 107, 108, 114, 117, 124, 125, 127, 133, 135, 136, 141, 158, 165, 166, 179, 189, 193, 202, 205, 208, 224, 235, 236, 237, 242, 253, 254, 261, 266, 309, 319, 320, 321, 330, 341, 343, 348, 355, 356, 357, 363, 366, 379, 380, 381], "summary": {"covered_lines": 91, "num_statements": 117, "percent_covered": 77.77777777777777, "percent_covered_display": "78", "missing_lines": 26, "excluded_lines": 0}, "missing_lines": [111, 112, 115, 121, 138, 139, 142, 145, 150, 190, 195, 197, 198, 199, 219, 220, 221, 288, 289, 291, 293, 294, 296, 297, 299, 358], "excluded_lines": []}, "src/senzing/szproduct.py": {"executed_lines": [1, 20, 21, 22, 24, 26, 37, 38, 39, 40, 49, 50, 103, 117, 118, 119, 122, 125, 135, 136, 137, 138, 139, 140, 141, 142, 143, 146, 147, 150, 152, 157, 158, 167, 168, 171, 172, 179, 184, 186, 187, 189, 190], "summary": {"covered_lines": 41, "num_statements": 43, "percent_covered": 95.34883720930233, "percent_covered_display": "95", "missing_lines": 2, "excluded_lines": 0}, "missing_lines": [159, 160], "excluded_lines": []}, "src/senzing/szversion.py": {"executed_lines": [2, 6, 7, 8, 10, 12, 14, 15, 18, 24, 25, 28, 45, 46, 51, 54, 73, 74, 75, 78, 79, 87, 88, 91, 105, 106, 107, 109, 113], "summary": {"covered_lines": 28, "num_statements": 28, "percent_covered": 100.0, "percent_covered_display": "100", "missing_lines": 0, "excluded_lines": 0}, "missing_lines": [], "excluded_lines": []}}, "totals": {"covered_lines": 739, "num_statements": 800, "percent_covered": 92.375, "percent_covered_display": "92", "missing_lines": 61, "excluded_lines": 0}}, "coverage_path": "."}