{"coverage": 87.75055679287306, "raw_data": {"meta": {"format": 2, "version": "7.5.1", "timestamp": "2024-05-07T22:09:45.977571", "branch_coverage": false, "show_contexts": false}, "files": {"src/senzing/__init__.py": {"executed_lines": [1, 25, 36, 37, 38, 39, 40, 42], "summary": {"covered_lines": 8, "num_statements": 8, "percent_covered": 100.0, "percent_covered_display": "100", "missing_lines": 0, "excluded_lines": 0}, "missing_lines": [], "excluded_lines": []}, "src/senzing/szconfig.py": {"executed_lines": [1, 20, 21, 32, 33, 35, 49, 53, 54, 55, 56, 58, 65, 66, 68, 74, 75, 77, 83, 84, 87, 88, 91, 92, 95, 96, 99, 100, 108, 109, 162, 178, 179, 180, 181, 185, 189, 190, 194, 202, 206, 209, 210, 211, 212, 213, 217, 218, 219, 220, 221, 222, 223, 226, 227, 228, 229, 230, 234, 235, 236, 237, 238, 239, 241, 243, 244, 246, 252, 254, 260, 266, 272, 285, 286, 293, 294, 300, 301, 303, 305, 306, 307, 310, 311, 312, 314, 316, 317, 324, 325, 328, 331, 332, 333, 336, 337, 338, 339, 341, 343, 344, 347, 348, 350, 352, 353, 360, 365, 370, 371, 374, 377, 378, 381], "summary": {"covered_lines": 105, "num_statements": 116, "percent_covered": 90.51724137931035, "percent_covered_display": "91", "missing_lines": 11, "excluded_lines": 0}, "missing_lines": [192, 195, 197, 302, 308, 313, 329, 334, 340, 349, 366], "excluded_lines": []}, "src/senzing/szconfigmanager.py": {"executed_lines": [1, 20, 21, 22, 23, 25, 37, 41, 42, 43, 44, 46, 53, 54, 56, 62, 63, 65, 71, 72, 75, 76, 79, 80, 83, 84, 92, 93, 148, 164, 165, 167, 168, 172, 176, 177, 180, 188, 189, 192, 193, 194, 195, 198, 199, 202, 205, 206, 207, 211, 212, 213, 214, 218, 219, 220, 221, 222, 223, 225, 227, 228, 229, 233, 239, 241, 247, 253, 259, 272, 273, 279, 282, 287, 289, 290, 291, 294, 295, 297, 298, 299, 304, 306, 307, 309, 310, 312, 314, 315, 316, 319, 321, 322, 329, 334, 339, 345, 348, 349, 353, 354, 355, 356], "summary": {"covered_lines": 95, "num_statements": 105, "percent_covered": 90.47619047619048, "percent_covered_display": "90", "missing_lines": 10, "excluded_lines": 0}, "missing_lines": [178, 181, 183, 230, 231, 283, 292, 311, 317, 335], "excluded_lines": []}, "src/senzing/szdiagnostic.py": {"executed_lines": [1, 19, 20, 21, 22, 24, 36, 40, 41, 42, 43, 45, 52, 53, 55, 62, 63, 66, 67, 70, 71, 74, 75, 83, 84, 137, 154, 155, 156, 157, 158, 162, 166, 167, 171, 179, 182, 185, 186, 187, 188, 191, 192, 195, 196, 197, 203, 204, 205, 206, 210, 211, 212, 213, 214, 215, 222, 224, 225, 226, 227, 228, 230, 238, 250, 256, 269, 270, 273, 274, 280, 282, 283, 284, 285, 287, 288, 289, 290, 295, 298, 309, 310, 318, 319, 324, 333, 350, 355, 356, 357, 358], "summary": {"covered_lines": 85, "num_statements": 103, "percent_covered": 82.52427184466019, "percent_covered_display": "83", "missing_lines": 18, "excluded_lines": 0}, "missing_lines": [169, 172, 174, 236, 275, 291, 299, 300, 301, 302, 307, 325, 334, 340, 341, 351, 352, 353], "excluded_lines": []}, "src/senzing/szengine.py": {"executed_lines": [1, 22, 24, 25, 36, 37, 39, 54, 58, 59, 60, 61, 63, 84, 85, 87, 93, 94, 97, 98, 101, 102, 104, 110, 111, 113, 119, 120, 123, 124, 127, 128, 131, 132, 135, 136, 139, 140, 143, 144, 147, 148, 151, 152, 155, 156, 159, 160, 163, 164, 167, 168, 171, 172, 175, 176, 179, 180, 183, 184, 187, 188, 191, 192, 195, 196, 199, 200, 203, 204, 207, 208, 211, 212, 215, 216, 219, 220, 230, 231, 282, 299, 300, 301, 302, 303, 304, 308, 312, 313, 316, 325, 330, 331, 337, 340, 344, 345, 346, 347, 351, 352, 357, 360, 362, 363, 367, 370, 371, 374, 377, 378, 382, 385, 390, 393, 400, 403, 410, 413, 419, 422, 430, 433, 440, 443, 452, 455, 463, 466, 476, 479, 480, 483, 487, 490, 495, 498, 503, 504, 505, 506, 510, 513, 517, 520, 521, 522, 528, 531, 532, 535, 538, 539, 540, 544, 547, 552, 553, 558, 561, 562, 563, 568, 571, 572, 573, 578, 579, 584, 587, 594, 595, 598, 599, 600, 603, 604, 605, 612, 614, 615, 616, 617, 618, 620, 626, 628, 634, 640, 646, 659, 660, 668, 669, 670, 677, 678, 679, 688, 690, 695, 696, 704, 707, 708, 709, 712, 713, 714, 716, 718, 719, 726, 727, 728, 734, 735, 736, 743, 745, 749, 750, 757, 759, 760, 761, 762, 764, 765, 772, 775, 777, 779, 784, 785, 787, 789, 790, 791, 793, 796, 799, 803, 804, 805, 806, 809, 816, 820, 821, 822, 825, 827, 828, 837, 845, 846, 847, 856, 858, 859, 869, 877, 878, 879, 888, 891, 892, 903, 928, 954, 960, 961, 962, 973, 976, 977, 990, 1017, 1045, 1054, 1055, 1056, 1068, 1070, 1071, 1072, 1074, 1076, 1082, 1084, 1085, 1087, 1089, 1090, 1097, 1101, 1102, 1103, 1106, 1108, 1109, 1116, 1122, 1123, 1124, 1131, 1133, 1134, 1135, 1136, 1138, 1140, 1141, 1143, 1144, 1146, 1148, 1149, 1155, 1159, 1160, 1161, 1162, 1164, 1170, 1172, 1173, 1174, 1175, 1177, 1178, 1186, 1187, 1192, 1196, 1197, 1203, 1213, 1214, 1215, 1218, 1219, 1222, 1236, 1239, 1246, 1250, 1251, 1252, 1253, 1258, 1259, 1266, 1268, 1269, 1271, 1276, 1277, 1284, 1285, 1286, 1292, 1293, 1294, 1301, 1303, 1306, 1307, 1308, 1310, 1311, 1312, 1315, 1316, 1323, 1329, 1330, 1331, 1338, 1340, 1341, 1348, 1354, 1355, 1356, 1359, 1361, 1362, 1371, 1379, 1380, 1381, 1390, 1392, 1393], "summary": {"covered_lines": 363, "num_statements": 413, "percent_covered": 87.89346246973366, "percent_covered_display": "88", "missing_lines": 50, "excluded_lines": 0}, "missing_lines": [314, 317, 320, 710, 715, 776, 786, 792, 904, 912, 913, 914, 926, 929, 938, 939, 940, 952, 991, 1001, 1002, 1003, 1015, 1018, 1029, 1030, 1031, 1043, 1073, 1086, 1137, 1145, 1193, 1204, 1216, 1223, 1224, 1227, 1228, 1229, 1235, 1240, 1260, 1270, 1313, 1400, 1406, 1407, 1408, 1415], "excluded_lines": []}, "src/senzing/szhasher.py": {"executed_lines": [3, 7, 8, 9, 10, 12, 14, 18, 19, 20, 21, 23, 24, 35, 36, 44, 61, 65, 66, 67, 68, 69, 73, 77, 78, 83, 90, 91, 96, 100, 112, 113, 115, 117, 118, 122, 130, 142, 148, 155, 175, 176, 178, 182, 189, 191, 201, 202, 203, 205], "summary": {"covered_lines": 49, "num_statements": 63, "percent_covered": 77.77777777777777, "percent_covered_display": "78", "missing_lines": 14, "excluded_lines": 0}, "missing_lines": [62, 63, 79, 84, 85, 119, 120, 128, 149, 161, 179, 180, 199, 206], "excluded_lines": []}, "src/senzing/szproduct.py": {"executed_lines": [1, 20, 21, 22, 23, 25, 38, 39, 40, 41, 43, 50, 51, 104, 120, 121, 122, 123, 127, 128, 131, 139, 141, 142, 144, 145, 146, 147, 148, 149, 153, 154, 155, 156, 157, 158, 160, 162, 163, 164, 168, 174, 176, 182, 188, 194, 207, 208, 209, 212, 213, 220, 225, 230, 231, 233, 234], "summary": {"covered_lines": 54, "num_statements": 61, "percent_covered": 88.52459016393442, "percent_covered_display": "89", "missing_lines": 7, "excluded_lines": 0}, "missing_lines": [129, 132, 134, 165, 166, 210, 226], "excluded_lines": []}, "src/senzing/szversion.py": {"executed_lines": [2, 6, 7, 8, 10, 12, 14, 15, 18, 24, 25, 28, 45, 46, 51, 54, 73, 74, 75, 77, 78, 86, 87, 90, 104, 105, 106, 108, 112], "summary": {"covered_lines": 29, "num_statements": 29, "percent_covered": 100.0, "percent_covered_display": "100", "missing_lines": 0, "excluded_lines": 0}, "missing_lines": [], "excluded_lines": []}}, "totals": {"covered_lines": 788, "num_statements": 898, "percent_covered": 87.75055679287306, "percent_covered_display": "88", "missing_lines": 110, "excluded_lines": 0}}, "coverage_path": "."}