{"coverage": 92.97235023041475, "raw_data": {"meta": {"format": 2, "version": "7.5.3", "timestamp": "2024-05-31T18:22:21.916127", "branch_coverage": false, "show_contexts": false}, "files": {"src/senzing/__init__.py": {"executed_lines": [1, 26, 27, 28, 29, 30, 32], "summary": {"covered_lines": 7, "num_statements": 7, "percent_covered": 100.0, "percent_covered_display": "100", "missing_lines": 0, "excluded_lines": 0}, "missing_lines": [], "excluded_lines": []}, "src/senzing/szconfig.py": {"executed_lines": [1, 20, 21, 22, 33, 34, 35, 37, 39, 49, 53, 54, 55, 56, 58, 65, 66, 68, 74, 75, 77, 83, 84, 87, 88, 91, 92, 95, 96, 99, 100, 108, 109, 162, 176, 177, 178, 179, 183, 187, 188, 192, 198, 209, 213, 216, 217, 218, 219, 220, 224, 225, 226, 227, 228, 229, 230, 233, 234, 235, 236, 237, 241, 242, 243, 244, 245, 246, 248, 250, 251, 252, 254, 260, 262, 268, 274, 275, 281, 282, 287, 288, 289, 291, 292, 293, 294, 296, 297, 298, 299, 301, 302, 308, 309, 312, 314, 315, 316, 318, 319, 320, 321, 322, 323, 325, 326, 327, 330, 331, 332, 334, 335, 342, 347, 349, 350, 351, 354, 355], "summary": {"covered_lines": 110, "num_statements": 113, "percent_covered": 97.34513274336283, "percent_covered_display": "97", "missing_lines": 3, "excluded_lines": 0}, "missing_lines": [190, 193, 195], "excluded_lines": []}, "src/senzing/szconfigmanager.py": {"executed_lines": [1, 20, 21, 22, 23, 24, 25, 27, 29, 38, 42, 43, 44, 45, 47, 54, 55, 57, 63, 64, 66, 72, 73, 76, 77, 80, 81, 84, 85, 93, 94, 149, 163, 164, 165, 166, 170, 174, 175, 178, 184, 195, 196, 199, 200, 201, 202, 205, 206, 209, 212, 213, 214, 218, 219, 220, 221, 225, 226, 227, 228, 229, 230, 232, 234, 235, 236, 238, 244, 246, 252, 258, 259, 265, 269, 271, 273, 274, 275, 277, 278, 280, 281, 282, 284, 285, 287, 288, 289, 291, 292, 293, 294, 296, 297, 304, 309, 311, 317, 320, 322, 323, 324], "summary": {"covered_lines": 94, "num_statements": 97, "percent_covered": 96.90721649484536, "percent_covered_display": "97", "missing_lines": 3, "excluded_lines": 0}, "missing_lines": [176, 179, 181], "excluded_lines": []}, "src/senzing/szdiagnostic.py": {"executed_lines": [1, 19, 20, 21, 22, 23, 24, 26, 28, 37, 41, 42, 43, 44, 46, 53, 54, 56, 62, 63, 66, 67, 70, 71, 79, 80, 134, 149, 150, 151, 152, 153, 157, 161, 162, 166, 172, 183, 186, 189, 190, 191, 192, 195, 196, 199, 200, 201, 207, 208, 209, 210, 214, 215, 216, 217, 218, 219, 226, 228, 229, 230, 232, 240, 252, 253, 256, 257, 258, 260, 261, 262, 264, 265, 266, 267, 268, 271, 277, 278, 286, 287, 292, 293, 303, 307, 308, 309], "summary": {"covered_lines": 82, "num_statements": 94, "percent_covered": 87.23404255319149, "percent_covered_display": "87", "missing_lines": 12, "excluded_lines": 0}, "missing_lines": [164, 167, 169, 238, 272, 273, 274, 275, 295, 301, 304, 305], "excluded_lines": []}, "src/senzing/szengine.py": {"executed_lines": [3, 22, 24, 27, 28, 39, 40, 41, 43, 45, 59, 63, 64, 65, 66, 68, 77, 78, 80, 86, 87, 89, 95, 96, 99, 100, 103, 104, 106, 112, 113, 115, 121, 122, 125, 126, 129, 130, 133, 134, 137, 138, 141, 142, 145, 146, 149, 150, 153, 154, 157, 158, 161, 162, 166, 167, 170, 171, 174, 175, 178, 179, 182, 183, 186, 187, 190, 191, 194, 195, 198, 199, 202, 203, 206, 207, 210, 211, 214, 215, 218, 219, 222, 223, 233, 234, 285, 300, 301, 302, 303, 304, 308, 312, 313, 316, 324, 335, 340, 341, 347, 350, 353, 354, 355, 356, 360, 361, 366, 369, 370, 371, 375, 378, 379, 382, 385, 386, 390, 393, 398, 401, 408, 411, 418, 421, 427, 430, 438, 441, 448, 451, 460, 463, 471, 474, 484, 487, 488, 491, 495, 498, 503, 506, 511, 512, 513, 514, 518, 521, 525, 528, 529, 530, 536, 539, 540, 543, 546, 547, 548, 552, 555, 560, 561, 566, 569, 570, 571, 576, 579, 580, 581, 586, 587, 592, 595, 602, 603, 606, 607, 608, 610, 611, 612, 619, 621, 622, 623, 625, 631, 633, 639, 645, 646, 654, 655, 656, 663, 664, 665, 667, 673, 674, 676, 677, 678, 679, 681, 682, 683, 685, 687, 688, 695, 696, 697, 703, 704, 705, 707, 711, 712, 714, 715, 716, 718, 719, 725, 728, 729, 731, 736, 737, 738, 740, 741, 742, 744, 745, 748, 751, 755, 756, 757, 760, 767, 771, 772, 773, 776, 777, 789, 797, 798, 799, 801, 802, 812, 820, 821, 822, 826, 827, 839, 847, 857, 864, 865, 866, 870, 871, 886, 896, 908, 917, 918, 919, 921, 922, 923, 924, 926, 932, 934, 935, 936, 938, 939, 946, 950, 951, 952, 954, 955, 962, 968, 969, 970, 972, 973, 974, 975, 976, 978, 979, 981, 982, 983, 985, 986, 993, 998, 999, 1000, 1002, 1008, 1010, 1011, 1012, 1014, 1015, 1023, 1024, 1029, 1030, 1032, 1038, 1040, 1041, 1042, 1044, 1045, 1048, 1057, 1060, 1061, 1065, 1066, 1067, 1068, 1073, 1074, 1075, 1077, 1078, 1079, 1084, 1085, 1092, 1093, 1094, 1100, 1101, 1102, 1104, 1107, 1108, 1110, 1111, 1112, 1115, 1116, 1123, 1129, 1130, 1131, 1133, 1134, 1141, 1147, 1148, 1149, 1151, 1152, 1161, 1169, 1170, 1171, 1173, 1174], "summary": {"covered_lines": 346, "num_statements": 363, "percent_covered": 95.3168044077135, "percent_covered_display": "95", "missing_lines": 17, "excluded_lines": 0}, "missing_lines": [314, 317, 321, 684, 840, 848, 887, 897, 1049, 1050, 1053, 1054, 1055, 1181, 1187, 1188, 1189], "excluded_lines": []}, "src/senzing/szhelpers.py": {"executed_lines": [1, 9, 11, 12, 13, 14, 15, 25, 26, 27, 29, 31, 32, 34, 36, 37, 38, 40, 41, 42, 43, 50, 51, 53, 54, 55, 57, 58, 60, 66, 76, 80, 82, 83, 84, 85, 89, 90, 91, 95, 97, 98, 100, 101, 102, 103, 104, 105, 106, 112, 115, 122, 123, 125, 135, 144, 145, 160, 170, 174, 190, 201, 202, 203, 206, 217, 218, 224, 229, 272, 282, 283, 284, 293, 305, 307, 312, 319, 320, 321, 327, 330, 344, 345, 346, 355], "summary": {"covered_lines": 84, "num_statements": 107, "percent_covered": 78.50467289719626, "percent_covered_display": "79", "missing_lines": 23, "excluded_lines": 0}, "missing_lines": [109, 110, 113, 119, 171, 185, 186, 187, 251, 252, 254, 256, 257, 259, 260, 262, 322, 361, 362, 363, 364, 365, 366], "excluded_lines": []}, "src/senzing/szproduct.py": {"executed_lines": [1, 20, 21, 22, 23, 24, 25, 27, 29, 40, 41, 42, 43, 45, 52, 53, 106, 120, 121, 122, 123, 127, 128, 131, 137, 148, 149, 150, 151, 152, 153, 154, 155, 156, 160, 161, 162, 163, 164, 165, 167, 169, 170, 171, 173, 179, 181, 187, 193, 194, 195, 197, 198, 205, 210, 212, 213, 215, 216], "summary": {"covered_lines": 56, "num_statements": 59, "percent_covered": 94.91525423728814, "percent_covered_display": "95", "missing_lines": 3, "excluded_lines": 0}, "missing_lines": [129, 132, 134], "excluded_lines": []}, "src/senzing/szversion.py": {"executed_lines": [2, 6, 7, 8, 10, 12, 14, 15, 18, 24, 25, 28, 45, 46, 51, 54, 73, 74, 75, 77, 78, 86, 87, 90, 104, 105, 106, 108, 112], "summary": {"covered_lines": 28, "num_statements": 28, "percent_covered": 100.0, "percent_covered_display": "100", "missing_lines": 0, "excluded_lines": 0}, "missing_lines": [], "excluded_lines": []}}, "totals": {"covered_lines": 807, "num_statements": 868, "percent_covered": 92.97235023041475, "percent_covered_display": "93", "missing_lines": 61, "excluded_lines": 0}}, "coverage_path": "."}