{"coverage": 96.8936678614098, "raw_data": {"meta": {"format": 2, "version": "7.5.3", "timestamp": "2024-06-13T15:11:40.513831", "branch_coverage": false, "show_contexts": false}, "files": {"src/senzing/__init__.py": {"executed_lines": [1, 23, 24, 25, 26, 27, 29], "summary": {"covered_lines": 7, "num_statements": 7, "percent_covered": 100.0, "percent_covered_display": "100", "missing_lines": 0, "excluded_lines": 0}, "missing_lines": [], "excluded_lines": []}, "src/senzing/_helpers.py": {"executed_lines": [1, 9, 11, 12, 13, 14, 15, 16, 29, 30, 31, 32, 34, 36, 38, 39, 41, 43, 44, 46, 47, 48, 49, 56, 57, 63, 64, 65, 67, 68, 70, 76, 86, 93, 94, 95, 96, 97, 101, 102, 103, 107, 108, 109, 111, 112, 113, 114, 115, 116, 117, 123, 126, 133, 134, 136, 142, 148, 149, 153, 154, 157, 162, 170, 181, 182, 194, 200, 201, 204, 214, 215, 218, 219, 220, 224, 225, 226, 227, 231, 232, 233, 238, 244, 245, 248, 251, 259, 262, 270, 271, 272, 273, 277, 287, 288, 290, 291, 292, 293, 296, 306, 307, 309, 310, 311, 317, 325, 331, 332, 334, 342, 353, 355, 358, 364, 365, 367, 368, 370, 373, 380, 381, 382, 394, 395, 403, 404, 405, 406, 409, 410, 413, 422, 426, 427, 428, 431, 441, 442, 443, 444, 452, 459, 465], "summary": {"covered_lines": 142, "num_statements": 148, "percent_covered": 95.94594594594595, "percent_covered_display": "96", "missing_lines": 6, "excluded_lines": 0}, "missing_lines": [120, 121, 124, 130, 150, 151], "excluded_lines": []}, "src/senzing/_version.py": {"executed_lines": [3, 7, 9, 11, 13, 14, 17, 34, 35, 40, 43, 62, 63, 64, 67, 68, 69, 70, 73, 87, 88, 89, 91, 95], "summary": {"covered_lines": 23, "num_statements": 23, "percent_covered": 100.0, "percent_covered_display": "100", "missing_lines": 0, "excluded_lines": 0}, "missing_lines": [], "excluded_lines": []}, "src/senzing/szconfig.py": {"executed_lines": [1, 19, 20, 30, 31, 33, 35, 47, 51, 52, 53, 54, 63, 64, 66, 72, 73, 75, 81, 82, 85, 86, 89, 90, 93, 94, 97, 98, 106, 107, 160, 172, 173, 174, 175, 178, 181, 184, 194, 198, 201, 202, 203, 204, 205, 209, 210, 211, 212, 213, 214, 215, 218, 219, 220, 221, 222, 224, 225, 228, 229, 231, 233, 234, 235, 241, 242, 248, 253, 254, 255, 257, 258, 259, 262, 264, 265, 266, 267, 269, 270, 276, 280, 282, 283, 285, 286, 287, 288, 289, 290, 292, 293, 294, 297, 298, 299, 301, 302, 309, 314, 316, 317, 318, 321, 322], "summary": {"covered_lines": 97, "num_statements": 97, "percent_covered": 100.0, "percent_covered_display": "100", "missing_lines": 0, "excluded_lines": 0}, "missing_lines": [], "excluded_lines": []}, "src/senzing/szconfigmanager.py": {"executed_lines": [1, 18, 19, 20, 21, 23, 25, 35, 39, 40, 41, 42, 51, 52, 54, 60, 61, 63, 69, 70, 73, 74, 77, 78, 81, 82, 90, 91, 146, 159, 160, 161, 162, 165, 168, 171, 181, 182, 185, 186, 187, 188, 191, 192, 195, 198, 199, 200, 204, 205, 206, 207, 209, 210, 213, 214, 216, 218, 219, 220, 226, 227, 233, 237, 239, 241, 242, 244, 245, 246, 247, 248, 250, 251, 252, 253, 254, 256, 257, 258, 259, 261, 262, 269, 274, 276, 282, 285, 287, 288, 289], "summary": {"covered_lines": 83, "num_statements": 83, "percent_covered": 100.0, "percent_covered_display": "100", "missing_lines": 0, "excluded_lines": 0}, "missing_lines": [], "excluded_lines": []}, "src/senzing/szdiagnostic.py": {"executed_lines": [1, 19, 20, 21, 22, 24, 26, 36, 40, 41, 42, 43, 52, 53, 55, 61, 62, 65, 66, 69, 70, 78, 79, 132, 146, 147, 148, 149, 150, 153, 156, 159, 169, 172, 175, 176, 177, 178, 181, 182, 185, 186, 187, 193, 194, 195, 196, 198, 199, 202, 208, 210, 212, 213, 214, 220, 221, 224, 225, 226, 228, 229, 231, 232, 233, 234, 235, 238, 239, 240, 241, 242, 244, 245, 253, 254, 259, 260, 270, 274, 275, 276], "summary": {"covered_lines": 76, "num_statements": 80, "percent_covered": 95.0, "percent_covered_display": "95", "missing_lines": 4, "excluded_lines": 0}, "missing_lines": [262, 268, 271, 272], "excluded_lines": []}, "src/senzing/szengine.py": {"executed_lines": [1, 20, 22, 23, 33, 34, 36, 38, 52, 56, 57, 58, 59, 68, 69, 71, 77, 78, 80, 86, 87, 90, 91, 94, 95, 97, 103, 104, 106, 112, 113, 116, 117, 120, 121, 124, 125, 128, 129, 132, 133, 136, 137, 140, 141, 144, 145, 148, 149, 152, 153, 156, 157, 160, 161, 164, 165, 168, 169, 172, 173, 176, 177, 180, 181, 184, 185, 188, 189, 192, 193, 196, 197, 200, 201, 204, 205, 208, 209, 212, 213, 221, 222, 273, 286, 287, 288, 289, 290, 293, 297, 300, 303, 306, 316, 321, 322, 328, 331, 334, 335, 336, 337, 341, 342, 347, 350, 351, 352, 356, 359, 360, 363, 366, 367, 371, 374, 379, 382, 389, 392, 399, 402, 408, 411, 419, 422, 429, 432, 440, 443, 453, 456, 465, 468, 469, 472, 476, 479, 484, 487, 492, 493, 494, 495, 499, 502, 506, 509, 510, 511, 517, 520, 521, 524, 527, 528, 529, 533, 536, 541, 542, 547, 550, 551, 552, 557, 560, 561, 562, 567, 568, 573, 576, 583, 584, 586, 587, 590, 596, 598, 600, 601, 602, 608, 609, 617, 618, 619, 625, 626, 627, 629, 635, 636, 638, 639, 640, 643, 645, 646, 647, 649, 651, 652, 659, 660, 661, 666, 667, 668, 670, 674, 675, 677, 678, 680, 681, 687, 690, 691, 693, 698, 699, 700, 702, 703, 704, 705, 706, 707, 710, 713, 716, 717, 718, 721, 728, 731, 732, 733, 735, 736, 745, 752, 753, 754, 756, 757, 766, 773, 774, 775, 778, 779, 789, 797, 807, 813, 814, 815, 818, 819, 831, 841, 853, 861, 862, 863, 865, 866, 867, 868, 870, 876, 877, 878, 879, 881, 882, 889, 892, 893, 894, 896, 897, 904, 909, 910, 911, 913, 914, 915, 916, 917, 919, 920, 921, 922, 923, 925, 926, 932, 936, 937, 938, 940, 946, 947, 948, 949, 951, 952, 960, 961, 966, 967, 977, 978, 979, 981, 982, 985, 994, 997, 998, 1000, 1001, 1002, 1003, 1007, 1008, 1009, 1010, 1012, 1013, 1014, 1016, 1017, 1024, 1025, 1026, 1031, 1032, 1033, 1034, 1036, 1039, 1040, 1042, 1043, 1044, 1046, 1047, 1054, 1059, 1060, 1061, 1063, 1064, 1071, 1076, 1077, 1078, 1080, 1081, 1090, 1097, 1098, 1099, 1101, 1102], "summary": {"covered_lines": 338, "num_statements": 354, "percent_covered": 95.48022598870057, "percent_covered_display": "95", "missing_lines": 16, "excluded_lines": 0}, "missing_lines": [648, 790, 798, 832, 842, 969, 975, 986, 987, 990, 991, 992, 1109, 1114, 1115, 1116], "excluded_lines": []}, "src/senzing/szproduct.py": {"executed_lines": [1, 19, 20, 21, 22, 24, 26, 38, 39, 40, 41, 50, 51, 104, 117, 118, 119, 120, 123, 126, 136, 137, 138, 139, 140, 141, 142, 143, 144, 147, 148, 151, 152, 154, 156, 157, 158, 164, 165, 167, 168, 175, 180, 182, 183, 185, 186], "summary": {"covered_lines": 45, "num_statements": 45, "percent_covered": 100.0, "percent_covered_display": "100", "missing_lines": 0, "excluded_lines": 0}, "missing_lines": [], "excluded_lines": []}}, "totals": {"covered_lines": 811, "num_statements": 837, "percent_covered": 96.8936678614098, "percent_covered_display": "97", "missing_lines": 26, "excluded_lines": 0}}, "coverage_path": "."}